product_name_id,product_name
1,Cycling shorts
2,Lenovo Tab
3,Sports equipment
4,Utility knife
5,Chocolate cookies
6,QLED TV
7,Dress shirt
8,Dark chocolate
9,Candles
10,Screwdriver set
11,Science
12,Bottled water
13,Fruit snacks
14,V-neck tee
15,Drama
16,Flavored water
17,Samsung Galaxy Tab
18,Orange juice
19,Bookshelf
20,Affogato
21,Business
22,Self-help
23,Sink
24,Grape juice
25,Stove
26,Huawei P
27,Amazon Fire Tablet
28,Curtains
29,Pomegranate juice
30,Running shoes
31,Political thriller
32,Google Pixel
33,Chocolate mousse
34,Vases
35,Henley shirt
36,Toys
37,Iced tea
38,Apple juice
39,Microsoft Surface Laptop
40,Desk
41,Bodycon dress
42,Sports headphones
43,Pendant lights
44,Clocks
45,Comforter
46,Peacoat
47,Bed
48,White chocolate
49,Android TV
50,Studio headphones
51,Sneakers
52,Sculptures
53,Cream soda
54,History
55,Pliers
56,Oxfords
57,Short stories
58,Dining table
59,Cooking
60,Wall art
61,Memoir
62,Maxi dress
63,LG Gram
64,Dishwasher
65,Cranberry juice
66,Crime
67,Pillowcase set
68,Shower curtain
69,Samsung Galaxy
70,Curved TV
71,DJ headphones
72,Button-down shirt
73,Purified water
74,Puffer jacket
75,Fantasy
76,Adventure
77,Popcorn
78,Nuts
79,Detective
80,iPhone
81,LG G
82,Chocolate-covered fruits
83,Chino shorts
84,Distilled water
85,Literary fiction
86,Grape soda
87,T-shirt
88,Cheese snacks
89,Towel rack
90,Blanket
91,Coffee table
92,OLED TV
93,HDR TV
94,Travel
95,Grapefruit juice
96,Xiaomi Mi
97,Root beer
98,Track lighting
99,Razer Blade
100,Samsung Notebook
101,Milk chocolate
102,Pineapple juice
103,Decorative pillows
104,Crop top
105,Clothing
106,Lemon-lime soda
107,Dresser
108,Ceiling lights
109,Loafers
110,LCD TV
111,Bathtub
112,Dystopian
113,Bed sheet set
114,Over-ear headphones
115,Varsity jacket
116,Electric kettle
117,Mirror
118,Puzzles
119,Polo shirt
120,On-ear headphones
121,Horror
122,Art supplies
123,Bootcut jeans
124,Sofa
125,Sparkling water
126,Cargo shorts
127,Microsoft Surface
128,Chocolate bars
129,Essays
130,Tank top
131,Food processor
132,Mirrors
133,Health
134,iPad
135,Energy drink
136,Bermuda shorts
137,A-line dress
138,Asus ZenPad
139,Scoop neck tee
140,Action
141,Henley tee
142,Spring water
143,High heels
144,Cola
145,Nokia
146,Wardrobe
147,Drill
148,Blender
149,Alkaline water
150,Picture frames
151,Shift dress
152,Espadrilles
153,Psychology
154,Blazer
155,Refrigerator
156,Truffles
157,Cropped jeans
158,TV stand
159,Off-the-shoulder tee
160,Plasma TV
161,Americano
162,Khaki shorts
163,Saw
164,Contemporary literature
165,Coffee maker
166,Smart TV
167,Denim jacket
168,Raglan tee
169,Huawei MediaPad
170,Nightstand
171,Romance
172,Sandals
173,Anthologies
174,Mattress topper
175,Acer Iconia Tab
176,Caulking gun
177,Psychological thriller
178,Mineral water
179,Acer Swift
180,Throw pillow
181,Long-sleeve tee
182,Games
183,Ginger ale
184,Motorola Moto
185,Straight-leg jeans
186,Skorts
187,Denim shorts
188,Sony Xperia Tablet
189,Board shorts
190,Table lamps
191,Rugs
192,LED TV
193,Fruit punch
194,Hammer
195,Bomber jacket
196,Plain tee
197,Boots
198,Duvet cover
199,Lenovo ThinkPad
200,Chocolate-covered nuts
201,Graphic tee
202,Wall sconces
203,Sweatshirt
204,Instant coffee
205,Mixed fruit juice
206,Google Pixel Slate
207,Distressed jeans
208,Desk lamps
209,Mango juice
210,Thriller
211,Under cabinet lighting
212,Historical fiction
213,Soap dispenser
214,Latte
215,Tomato juice
216,Artesian water
217,Pretzels
218,Athletic shorts
219,Asus ZenBook
220,OnePlus
221,High-waisted jeans
222,Cappuccino
223,Plush toys
224,Slippers
225,Crew neck tee
226,Quilt
227,Sony Xperia
228,Techno-thriller
229,Microwave
230,Coconut water
231,Flare jeans
232,Building blocks
233,Wireless headphones
234,Science fiction
235,4K TV
236,Ground coffee
237,Chocolate fondue
238,Flip flops
239,Toilet
240,Books
241,MacBook
242,Flannel shirt
243,Mystery
244,Wrench
245,Biography
246,Hoodie
247,Espresso
248,Orange soda
249,Casual dress
250,Floor lamps
251,Wide-leg jeans
252,Bluetooth headphones
253,Mocha
254,Dust ruffle
255,Wrap dress
256,Gaming headphones
257,Noise-cancelling headphones
258,Suspense
259,Blouse
260,Oven
261,Toilet paper holder
262,Skinny jeans
263,Fit and flare dress
264,Sheath dress
265,Educational kits
266,Toaster
267,Toothbrush holder
268,Parka
269,Chips
270,Coffee beans
271,HP Spectre
272,Macchiato
273,Level
274,Recessed lighting
275,Granola bars
276,Windbreaker
277,Trail mix
278,Boyfriend jeans
279,Trench coat
280,Non-fiction literature
281,Leather jacket
282,Crackers
283,Modern literature
284,Swim trunks
285,Beef jerky
286,Dell XPS
287,In-ear headphones
288,Cocktail dress
289,Tape measure
290,Poetry
291,Low-rise jeans
292,Bed skirt
293,Legal thriller
294,Classic literature
295,Shower
296,Chandeliers
297,Sundress
298,Mini fridge
299,Counter-depth refrigerator
300,Smart refrigerator
301,Stainless steel refrigerator
302,Top-freezer refrigerator
303,French door refrigerator
304,Side-by-side refrigerator
305,Compact refrigerator
306,Black refrigerator
307,Bottom-freezer refrigerator
308,Central AC
309,Ductless AC
310,Portable AC
311,Air conditioner
312,Floor-standing AC
313,Window AC
314,Split AC
315,Inverter AC
316,Cassette AC
317,Mini-split AC
318,Package AC
